{
  "AesEncryption": {
    "Key": "Vavpy2-kiwcus-hofqyz",
    "Iv": "cawsys-rikWu8-hyvxob",
    "Salt": "j78Y#p)/saREN!y3@",
    "Iterations": 100
  },
  "JwtConfig": {
    "LifeTimeMinutes": 120,
    "ValidateIssuerSigningKey": true,
    "IssuerSigningKey": "C5675A28-E468-457E-86B5-CB1EB6D44293",
    "ValidateIssuer": true,
    "ValidIssuer": "https://localhost:7249",
    "ValidateAudience": true,
    "ValidAudience": "https://localhost:7249",
    "RequireExpirationTime": true,
    "ValidateLifetime": true
  },
  "ConnectionStrings": {
    "sql-friends.sqlserver.docker.root": "Data Source=localhost,14333;Initial Catalog=sql-friends;Persist Security Info=True;User ID=sa;Pwd=skYhgS@83#aQ;Encrypt=False;",
    "sql-friends.sqlserver.docker.dbo": "Data Source=localhost,14333;Initial Catalog=sql-friends;Persist Security Info=True;User ID=dbo;Pwd=pa$Word1;Encrypt=False;",
    "sql-friends.sqlserver.docker.supusr": "Data Source=localhost,14333;Initial Catalog=sql-friends;Persist Security Info=True;User ID=supusr;Pwd=pa$Word1;Encrypt=False;",
    "sql-friends.sqlserver.docker.usr": "Data Source=localhost,14333;Initial Catalog=sql-friends;Persist Security Info=True;User ID=usr;Pwd=pa$Word1;Encrypt=False;",
    "sql-friends.sqlserver.docker.gstusr": "Data Source=localhost,14333;Initial Catalog=sql-friends;Persist Security Info=True;User ID=gstusr;Pwd=pa$Word1;Encrypt=False;",
    "sql-friends.mysql.docker.root": "server=localhost;uid=root;pwd=skYhgS@83#aQ;database=sql-friends;",
    "sql-friends.mysql.docker.dbo": "server=localhost;uid=dbo;pwd=pa$Word1;database=sql-friends;",
    "sql-friends.mysql.docker.supusr": "server=localhost;uid=supusr;pwd=pa$Word1;database=sql-friends;",
    "sql-friends.mysql.docker.usr": "server=localhost;uid=usr;pwd=pa$Word1;database=sql-friends;",
    "sql-friends.mysql.docker.gstusr": "server=localhost;uid=gstusr;pwd=pa$Word1;database=sql-friends;",
    "sql-friends.postgresql.docker.root": "Server=localhost;Port=5432;Database=sql-friends;Username=postgres;Password=skYhgS@83#aQ;",
    "sql-friends.postgresql.docker.dbo": "Server=localhost;Port=5432;Database=sql-friends;Username=dbo;Password=pa$Word1;",
    "sql-friends.postgresql.docker.supusr": "Server=localhost;Port=5432;Database=sql-friends;Username=supusr;Password=pa$Word1;",
    "sql-friends.postgresql.docker.usr": "Server=localhost;Port=5432;Database=sql-friends;Username=usr;Password=pa$Word1;",
    "sql-friends.postgresql.docker.gstusr": "Server=localhost;Port=5432;Database=sql-friends;Username=gstusr;Password=pa$Word1;"
  },
  "ConnectionSets": {
    "DataSets": [
      {
        "DbTag": "sql-friends.sqlserver.docker",
        "DbServer": "sqlserver",
        "DbConnections": [
          {
            "DbUserLogin": "gstusr",
            "DbConnection": "sql-friends.sqlserver.docker.gstusr"
          },
          {
            "DbUserLogin": "usr",
            "DbConnection": "sql-friends.sqlserver.docker.usr"
          },
          {
            "DbUserLogin": "supusr",
            "DbConnection": "sql-friends.sqlserver.docker.supusr"
          },
          {
            "DbUserLogin": "dbo",
            "DbConnection": "sql-friends.sqlserver.docker.dbo"
          },
          {
            "DbUserLogin": "root",
            "DbConnection": "sql-friends.sqlserver.docker.root"
          }
        ]
      },
      {
        "DbTag": "sql-friends.mysql.docker",
        "DbServer": "mysql",
        "DbConnections": [
          {
            "DbUserLogin": "gstusr",
            "DbConnection": "sql-friends.mysql.docker.gstusr"
          },
          {
            "DbUserLogin": "usr",
            "DbConnection": "sql-friends.mysql.docker.usr"
          },
          {
            "DbUserLogin": "supusr",
            "DbConnection": "sql-friends.mysql.docker.supusr"
          },
          {
            "DbUserLogin": "dbo",
            "DbConnection": "sql-friends.mysql.docker.dbo"
          },
          {
            "DbUserLogin": "root",
            "DbConnection": "sql-friends.mysql.docker.root"
          }
        ]
      },
      {
        "DbTag": "sql-friends.postgresql.docker",
        "DbServer": "postgresql",
        "DbConnections": [
          {
            "DbUserLogin": "gstusr",
            "DbConnection": "sql-friends.postgresql.docker.gstusr"
          },
          {
            "DbUserLogin": "usr",
            "DbConnection": "sql-friends.postgresql.docker.usr"
          },
          {
            "DbUserLogin": "supusr",
            "DbConnection": "sql-friends.postgresql.docker.supusr"
          },
          {
            "DbUserLogin": "dbo",
            "DbConnection": "sql-friends.postgresql.docker.dbo"
          },
          {
            "DbUserLogin": "root",
            "DbConnection": "sql-friends.postgresql.docker.root"
          }
        ]
      }
    ]
  },
  "AzureKeyVault" : 
  {
    "kvAccessParamsFile": "Empty-or-absolute-path-to-json-file-with-AzureKeyVault-tag-containing-alternative-kvAccessParams",
    "kvAccessParams": 
    {
        "kvUri": "from-Azure-portal-or-script",
        "kvSecret": "from-Azure-portal-or-script",
        
        "readerSecrets": 
        {
            "appId": "from-Azure-portal-or-script",
            "displayName": "from-Azure-portal-or-script",
            "password": "from-Azure-portal-or-script",
            "tenant": "your-Azure-tenant-id"
        }
    }
  }
}
