{
  "Quotes": [
    {
      "jsonQuote": "Would I rather be feared or loved? Easy. Both. I want people to be afraid of how much they love me.",
      "jsonAuthor": "Michael Scott, The Office"
    },
    {
      "jsonQuote": "All you need is love. But a little chocolate now and then doesn’t hurt.",
      "jsonAuthor": "Charles M. Schulz"
    },
    {
      "jsonQuote": "Before you marry a person, you should first make them use a computer with slow Internet to see who they really are.",
      "jsonAuthor": "Will Ferrell"
    },
    {
      "jsonQuote": "I love being married. It’s so great to find one special person you want to annoy for the rest of your life.",
      "jsonAuthor": "Rita Rudner"
    },
    {
      "jsonQuote": "If love is the answer, can you please rephrase the question?",
      "jsonAuthor": "Lily Tomlin"
    },
    {
      "jsonQuote": "Love can change a person the way a parent can change a baby—awkwardly, and often with a great deal of mess.",
      "jsonAuthor": "Lemony Snicket"
    },
    {
      "jsonQuote": "Love is a fire. But whether it is going to warm your hearth or burn down your house, you can never tell.",
      "jsonAuthor": "Joan Crawford"
    },
    {
      "jsonQuote": "A successful marriage requires falling in love many times, always with the same person.",
      "jsonAuthor": "Mignon McLaughlin"
    },
    {
      "jsonQuote": "I love you with all my belly. I would say my heart, but my belly is bigger.",
      "jsonAuthor": "Unknown"
    },
    {
      "jsonQuote": "The four most important words in any marriage—I’ll do the dishes.",
      "jsonAuthor": "Unknown"
    },
    {
      "jsonQuote": "I love you more than coffee but not always before coffee.",
      "jsonAuthor": "Unknown"
    },
    {
      "jsonQuote": "You know that tingly little feeling you get when you like someone? That’s your common sense leaving your body.",
      "jsonAuthor": "Unknown"
    },
    {
      "jsonQuote": "I choose a lazy person to do a hard job, because a lazy person will find an easy way to do it.",
      "jsonAuthor": "Bill Gates"
    },
    {
      "jsonQuote": "Doing nothing is very hard to do… you never know when you’re finished.",
      "jsonAuthor": "Leslie Nielsen"
    },
    {
      "jsonQuote": "It takes less time to do a thing right, than it does to explain why you did it wrong.",
      "jsonAuthor": "Henry Wadsworth Longfellow"
    },
    {
      "jsonQuote": "Most of what we call management consists of making it difficult for people to get their work done.",
      "jsonAuthor": "Peter Drucker"
    },
    {
      "jsonQuote": "It is better to have one person working with you than three people working for you.",
      "jsonAuthor": "Dwight D. Eisenhower"
    },
    {
      "jsonQuote": "The best way to appreciate your job is to imagine yourself without one.",
      "jsonAuthor": "Oscar Wilde"
    },
    {
      "jsonQuote": "I hate when I lose things at work, like pens, papers, sanity and dreams.",
      "jsonAuthor": "Unknown"
    },
    {
      "jsonQuote": "Creativity is allowing yourself to make mistakes. Art is knowing which ones to keep.",
      "jsonAuthor": "Scott Adams"
    },
    {
      "jsonQuote": "My keyboard must be broken, I keep hitting the escape key, but I’m still at work.",
      "jsonAuthor": "Unknown"
    },
    {
      "jsonQuote": "Work is against human nature. The proof is that it makes us tired.",
      "jsonAuthor": "Michel Tournier"
    },
    {
      "jsonQuote": "The reward for good work is more work.",
      "jsonAuthor": "Francesca Elisia"
    },
    {
      "jsonQuote": "Executive ability is deciding quickly and getting somebody else to do the work.",
      "jsonAuthor": "Earl Nightingale"
    },
    {
      "jsonQuote": "I never put off till tomorrow what I can do the day after.",
      "jsonAuthor": "Oscar Wilde"
    },
    {
      "jsonQuote": "I think of myself as something of a connoisseur of procrastination, creative and dogged in my approach to not getting things done.",
      "jsonAuthor": "Susan Orlean"
    },
    {
      "jsonQuote": "Procrastination is like a credit card: it's a lot of fun until you get the bill.",
      "jsonAuthor": "Christopher Parker"
    },
    {
      "jsonQuote": "Nothing says work efficiency like panic mode.",
      "jsonAuthor": "Don Roff"
    },
    {
      "jsonQuote": "I'm going to stop putting things off, starting tomorrow!",
      "jsonAuthor": "Sam Levenson"
    },
    {
      "jsonQuote": "Procrastination always gives you something to look forward to.",
      "jsonAuthor": "Joan Konner"
    },
    {
      "jsonQuote": "The time you enjoy wasting is not wasted time.",
      "jsonAuthor": "Bertrand Russell"
    },
    {
      "jsonQuote": "Procrastination is the art of keeping up with yesterday.",
      "jsonAuthor": "Don Marquis"
    },
    {
      "jsonQuote": "If it weren't for the last minute, nothing would get done.",
      "jsonAuthor": "Rita Mae Brown"
    },
    {
      "jsonQuote": "I like work; it fascinates me. I can sit and look at it for hours.",
      "jsonAuthor": "Jerome K. Jerome"
    },
    {
      "jsonQuote": "Procrastination isn't the problem. It's the solution. It's the universe's way of saying stop, slow down, you move too fast.",
      "jsonAuthor": "Ellen DeGeneres"
    },
    {
      "jsonQuote": "Procrastinate now, don't put it off.",
      "jsonAuthor": "Ellen DeGeneres"
    }
  ],
  "Latin": [
    {
      "jsonParagraph": "Lorem ipsum dolor sit amet, consectetur adipiscing elit, sed do eiusmod tempor incididunt ut labore et dolore magna aliqua. Duis convallis convallis tellus id interdum velit laoreet id donec. Sem nulla pharetra diam sit amet nisl.Id porta nibh venenatis cras sed felis eget. Non quam lacus suspendisse faucibus interdum posuere lorem. Vitae purus faucibus ornare suspendisse sed nisi lacus sed.Sapien faucibus et molestie ac feugiat sed lectus vestibulum.Ornare lectus sit amet est placerat in egestas.Eu consequat ac felis donec et. Placerat orci nulla pellentesque dignissim enim sit.Cras ornare arcu dui vivamus arcu. Diam quis enim lobortis scelerisque fermentum. Rutrum quisque non tellus orci ac auctor augue. Fringilla est ullamcorper eget nulla facilisi. Dui accumsan sit amet nulla.Diam maecenas sed enim ut sem viverra aliquet."
    },
    {
      "jsonParagraph": "Vitae tempus quam pellentesque nec nam. Dictumst quisque sagittis purus sit amet volutpat consequat mauris nunc. Vitae congue eu consequat ac. Condimentum mattis pellentesque id nibh tortor id aliquet lectus proin. Tempus egestas sed sed risus pretium quam vulputate dignissim. Quis commodo odio aenean sed adipiscing diam. Egestas congue quisque egestas diam in arcu cursus. Sem et tortor consequat id porta nibh venenatis cras sed. Ultrices neque ornare aenean euismod elementum nisi. Lectus magna fringilla urna porttitor rhoncus dolor purus non enim. Nibh sit amet commodo nulla. Odio facilisis mauris sit amet massa vitae tortor condimentum lacinia. Adipiscing commodo elit at imperdiet dui accumsan sit. Ultrices sagittis orci a scelerisque purus semper eget duis at."
    },
    {
      "jsonParagraph": "Tincidunt tortor aliquam nulla facilisi cras. Commodo odio aenean sed adipiscing diam. Justo donec enim diam vulputate ut pharetra sit. Nulla at volutpat diam ut venenatis tellus in. Enim nec dui nunc mattis enim ut tellus elementum. Quis viverra nibh cras pulvinar. Cras fermentum odio eu feugiat. Pretium vulputate sapien nec sagittis aliquam malesuada bibendum arcu. Risus nec feugiat in fermentum posuere urna nec tincidunt praesent. A condimentum vitae sapien pellentesque habitant morbi tristique. Sed vulputate mi sit amet mauris commodo quis imperdiet. Mauris pharetra et ultrices neque."
    },
    {
      "jsonParagraph": "Etiam dignissim diam quis enim lobortis scelerisque fermentum. Vel quam elementum pulvinar etiam non quam lacus suspendisse. Purus ut faucibus pulvinar elementum integer enim neque volutpat. Vulputate ut pharetra sit amet aliquam. Amet nisl suscipit adipiscing bibendum est. Velit laoreet id donec ultrices tincidunt arcu. Purus in massa tempor nec feugiat. Vulputate enim nulla aliquet porttitor. Amet consectetur adipiscing elit pellentesque habitant morbi tristique senectus. Sociis natoque penatibus et magnis dis parturient montes nascetur ridiculus. Fermentum odio eu feugiat pretium. Molestie ac feugiat sed lectus. Mattis rhoncus urna neque viverra. Mollis nunc sed id semper risus in. Amet venenatis urna cursus eget. Consequat ac felis donec et odio pellentesque diam."
    },
    {
      "jsonParagraph": "Facilisi nullam vehicula ipsum a arcu cursus. Metus vulputate eu scelerisque felis imperdiet proin. Ultrices dui sapien eget mi proin sed libero enim. Enim eu turpis egestas pretium aenean. Nibh praesent tristique magna sit amet. Urna cursus eget nunc scelerisque viverra mauris in. A erat nam at lectus urna duis convallis convallis. Nullam eget felis eget nunc. Bibendum est ultricies integer quis auctor elit sed. Quis enim lobortis scelerisque fermentum dui faucibus. Fermentum et sollicitudin ac orci phasellus egestas tellus. Odio morbi quis commodo odio aenean sed adipiscing. Viverra suspendisse potenti nullam ac tortor vitae purus. Proin fermentum leo vel orci porta non pulvinar neque laoreet. Aliquam faucibus purus in massa tempor nec feugiat nisl. Aliquet eget sit amet tellus cras adipiscing enim eu. Nascetur ridiculus mus mauris vitae. Adipiscing elit ut aliquam purus sit."
    },
    {
      "jsonParagraph": "Justo donec enim diam vulputate ut pharetra sit amet. Quis eleifend quam adipiscing vitae proin sagittis nisl rhoncus. Nunc eget lorem dolor sed viverra ipsum nunc. Enim ut tellus elementum sagittis vitae et. Quam pellentesque nec nam aliquam sem et. Vestibulum lorem sed risus ultricies. Proin libero nunc consequat interdum varius. Hac habitasse platea dictumst vestibulum rhoncus est pellentesque. Lobortis mattis aliquam faucibus purus in massa tempor nec feugiat. Pellentesque nec nam aliquam sem et tortor consequat. Augue mauris augue neque gravida in fermentum et sollicitudin ac. Egestas egestas fringilla phasellus faucibus scelerisque eleifend donec. Morbi tristique senectus et netus et malesuada. Lacinia at quis risus sed vulputate odio ut enim blandit. Lacus sed viverra tellus in hac habitasse platea dictumst vestibulum. Ipsum suspendisse ultrices gravida dictum fusce ut placerat"
    },
    {
      "jsonParagraph": "Sed tempus urna et pharetra pharetra massa massa ultricies. Gravida in fermentum et sollicitudin ac. Praesent tristique magna sit amet purus gravida quis. Scelerisque purus semper eget duis at tellus at. Odio euismod lacinia at quis risus. Platea dictumst quisque sagittis purus sit amet. Ultrices sagittis orci a scelerisque purus. Arcu dui vivamus arcu felis bibendum ut. Fames ac turpis egestas maecenas pharetra convallis. Consectetur adipiscing elit pellentesque habitant morbi tristique senectus. Eget gravida cum sociis natoque. Enim blandit volutpat maecenas volutpat blandit. Laoreet sit amet cursus sit amet."
    },
    {
      "jsonParagraph": "Vestibulum lectus mauris ultrices eros in cursus. Nec ultrices dui sapien eget mi proin sed libero enim. Senectus et netus et malesuada fames. Facilisis sed odio morbi quis. In tellus integer feugiat scelerisque. Cras adipiscing enim eu turpis egestas. Ut eu sem integer vitae justo. Donec ac odio tempor orci. Etiam sit amet nisl purus in. Habitant morbi tristique senectus et netus et malesuada fames. Sed elementum tempus egestas sed sed risus pretium. Non nisi est sit amet facilisis. Tempus imperdiet nulla malesuada pellentesque elit. Libero enim sed faucibus turpis in eu mi bibendum. In fermentum et sollicitudin ac orci phasellus egestas tellus. Dictumst vestibulum rhoncus est pellentesque elit ullamcorper. Nisl pretium fusce id velit ut tortor pretium."
    },
    {
      "jsonParagraph": "Est pellentesque elit ullamcorper dignissim cras tincidunt lobortis. Dignissim diam quis enim lobortis scelerisque. Sit amet commodo nulla facilisi nullam vehicula. Ut etiam sit amet nisl purus. Fusce ut placerat orci nulla pellentesque. Cras pulvinar mattis nunc sed blandit. A erat nam at lectus urna duis convallis. Dictum at tempor commodo ullamcorper a lacus vestibulum sed. Tempus egestas sed sed risus pretium quam vulputate dignissim suspendisse. Viverra accumsan in nisl nisi scelerisque eu ultrices. Blandit aliquam etiam erat velit scelerisque in dictum non. Quam elementum pulvinar etiam non. Odio tempor orci dapibus ultrices in iaculis nunc sed augue. Venenatis urna cursus eget nunc scelerisque viverra. Sit amet mattis vulputate enim nulla aliquet porttitor lacus. Scelerisque felis imperdiet proin fermentum. Tellus in metus vulputate eu. Amet venenatis urna cursus eget nunc scelerisque viverra mauris. Pharetra vel turpis nunc eget lorem. Mauris rhoncus aenean vel elit scelerisque mauris."
    },
    {
      "jsonParagraph": "A scelerisque purus semper eget duis at. Tristique risus nec feugiat in fermentum. Eu tincidunt tortor aliquam nulla facilisi cras fermentum odio. Enim nec dui nunc mattis enim. Tincidunt lobortis feugiat vivamus at augue. Magna eget est lorem ipsum dolor. Auctor elit sed vulputate mi. Egestas egestas fringilla phasellus faucibus scelerisque eleifend donec pretium vulputate. Pretium viverra suspendisse potenti nullam ac tortor vitae. Amet risus nullam eget felis. Dolor sed viverra ipsum nunc aliquet bibendum enim facilisis gravida. Mi eget mauris pharetra et. Pharetra convallis posuere morbi leo. Justo eget magna fermentum iaculis eu non diam phasellus vestibulum. In mollis nunc sed id semper risus. Bibendum at varius vel pharetra vel turpis."
    }
  ],
  "Addresses": [
    {
      "jsonCountry": "Sweden",
      "jsonStreets": "Svedjevägen, Ringvägen, Vasagatan, Odenplan, Birger Jarlsgatan, Äppelviksvägen, Kvarnbacksvägen",
      "jsonCities": "Stockholm, Göteborg, Malmö, Uppsala, Linköping, Örebro"
    },
    {
      "jsonCountry": "Norway",
      "jsonStreets": "Bygdoy alle, Frognerveien, Pilestredet, Vidars gate, Sågveien, Toftes gate, Gardeveiend",
      "jsonCities": "Oslo, Bergen, Trondheim, Stavanger, Dramen"
    },
    {
      "jsonCountry": "Denmark",
      "jsonStreets": "Rolighedsvej, Fensmarkgade, Svanevej, Gröndalsvej, Githersgade, Classensgade, Moltekesvej",
      "jsonCities": "Köpenhamn, Århus, Odense, Aahlborg, Esbjerg"
    },
    {
      "jsonCountry": "Finland",
      "jsonStreets": "Arkandiankatu, Liisankatu, Ruoholahdenkatu, Pohjoistranta, Eerikinkatu, Vauhtitie, Itainen Vaideki",
      "jsonCities": "Helsingfors, Espoo, Tampere, Vaanta, Oulu"
    }
  ],
  "Names": {
    "jsonFirstNames": "Harry, Lord, Hermione, Albus, Severus, Ron, Draco, Frodo, Gandalf, Sam, Peregrin, Saruman",
    "jsonLastNames": "Potter, Voldemort, Granger, Dumbledore, Snape, Malfoy, Baggins, the Gray, Gamgee, Took, the White",
    "jsonPetNames": "Max, Charlie, Cooper, Milo, Rocky, Wanda, Teddy, Duke, Leo, Max, Simba"
  },
  "Domains": {
    "jsonDomainNames": "icloud.com, me.com, mac.com, hotmail.com, gmail.com"
  },
  "Music": {
    "jsonGroupNames": "Led, Zeppelin, Queen, Pink, Floyd, Creedence, Clearwater, Revival, Arosmith, Who, AC/DC, Rolling, Stones, Eagles, Deep, Purple, Prince, Dylan",
    "jsonAlbumNames": "Heaven, Rock, Moon, Cosmos, Walk, Hunky, Blue, Highway, Satisfaction, California, Stairway, Purple, Senor",
    "jsonAlbumPrefix": "A, The, One, The great, A wonderful, Let's rock with, Relaxing, Chill with, Dance with",
    "jsonAlbumSuffix": "with friends, with love, with fire, and walking, being happy"
  }
}